{
	"close":false,
	"resourcePlugin":{
		"configs":[{
				"configPath":"resource/default.res.json",
				"relativePath":"resource/"
			}],
		"id":"org.egret-labs.resource",
		"library":{
			"children":[
				{
					"isFolder":false,
					"key":"loadingBg_png",
					"name":"loadingBg_png"
				},
				{
					"isFolder":false,
					"key":"loadingCar_png",
					"name":"loadingCar_png"
				},
				{
					"isFolder":false,
					"key":"bg_png",
					"name":"bg_png"
				},
				{
					"isFolder":false,
					"key":"car0_png",
					"name":"car0_png"
				},
				{
					"isFolder":false,
					"key":"car1_png",
					"name":"car1_png"
				},
				{
					"isFolder":false,
					"key":"car2_png",
					"name":"car2_png"
				},
				{
					"isFolder":false,
					"key":"carLight_png",
					"name":"carLight_png"
				},
				{
					"isFolder":false,
					"key":"failedNotice_png",
					"name":"failedNotice_png"
				},
				{
					"isFolder":false,
					"key":"heroDied_png",
					"name":"heroDied_png"
				},
				{
					"isFolder":false,
					"key":"heroProtected_png",
					"name":"heroProtected_png"
				},
				{
					"isFolder":false,
					"key":"heroSlow_png",
					"name":"heroSlow_png"
				},
				{
					"isFolder":false,
					"key":"hero_png",
					"name":"hero_png"
				},
				{
					"isFolder":false,
					"key":"noticeBg_png",
					"name":"noticeBg_png"
				},
				{
					"isFolder":false,
					"key":"playAgainBtn_png",
					"name":"playAgainBtn_png"
				},
				{
					"isFolder":false,
					"key":"roadblock_png",
					"name":"roadblock_png"
				},
				{
					"isFolder":false,
					"key":"startGameBtn_png",
					"name":"startGameBtn_png"
				},
				{
					"isFolder":false,
					"key":"startLine_png",
					"name":"startLine_png"
				},
				{
					"isFolder":false,
					"key":"startnum1_png",
					"name":"startnum1_png"
				},
				{
					"isFolder":false,
					"key":"startnum2_png",
					"name":"startnum2_png"
				},
				{
					"isFolder":false,
					"key":"startnum3_png",
					"name":"startnum3_png"
				},
				{
					"isFolder":false,
					"key":"succeededNotice_png",
					"name":"succeededNotice_png"
				},
				{
					"isFolder":false,
					"key":"succeededrotation_png",
					"name":"succeededrotation_png"
				},
				{
					"isFolder":false,
					"key":"roadnumBg_png",
					"name":"roadnumBg_png"
				},
				{
					"isFolder":false,
					"key":"timenumBg_png",
					"name":"timenumBg_png"
				}
			]
		}
	},
	"theme":"resource/default.thm.json"
}